world,tag,greedy,nohedge,bound,churn,H_exact,H_fwd,recon,H_ramp,ramp_pnl,gap_vs_ramp,gap_pre,gap_avg,gap_post,gap_overshort,gap_undercover,u_post_max,u_post_mean,u_pre_mean,u_mean,dev_mean,basis0,basis_avg,basis_move,P0,dP_pct,vs_nohedge,vs_ramp,mech
garch,202001,-94.52,-194.35,810.1,125.0,99.83,97.46,2.37,219.26,24.91,-121.81,-152.48,30.67,0.0,-0.0,-121.81,0.0,0.0,0.396,0.334,0.518,-16.87,-2.78,14.1,969.4,-21.6,99.83,-119.43,under-cover+basis
garch,202002,-47.71,-172.13,892.94,112.5,124.42,112.47,11.95,141.87,-30.26,-29.4,-38.74,5.95,3.39,-0.12,-29.28,0.375,0.219,0.406,0.371,0.46,1.06,-40.03,-41.09,965.4,-13.78,124.42,-17.45,OVER-HOLD(post-fixing)+under-cover+basis
garch,202003,-31.43,-49.94,845.94,243.8,18.51,8.25,10.26,29.94,-20.0,-21.69,32.6,-54.28,0.0,-7.54,-14.14,0.0,0.0,0.517,0.506,0.343,19.44,-11.45,-30.89,856.1,-2.48,18.51,-11.43,basis
garch,202004,49.13,135.4,628.43,218.8,-86.27,-90.99,4.72,-181.65,-46.25,90.66,37.78,52.88,0.0,0.0,90.66,0.0,0.0,0.298,0.215,0.632,14.13,-18.84,-32.96,710.9,23.4,-86.27,95.38,basis
garch,202005,144.44,169.58,746.71,62.5,-25.14,-23.85,-1.29,-150.37,19.21,126.52,102.65,23.87,0.0,0.0,126.52,0.0,0.0,0.076,0.055,0.792,-34.59,-9.82,24.77,814.6,16.55,-25.14,125.23,basis
garch,202006,90.91,87.3,751.38,181.2,3.61,-8.19,11.8,-0.23,87.07,-7.96,7.85,-24.94,9.13,20.6,-28.55,0.625,0.625,0.248,0.369,0.488,-68.24,7.99,76.23,900.7,0.41,3.61,3.84,OVER-HOLD(post-fixing)+under-cover+basis
garch,202007,62.95,62.96,699.5,306.2,-0.01,-10.44,10.43,-36.01,26.95,25.57,54.23,-28.66,0.0,0.0,25.57,0.0,0.0,0.814,0.591,0.251,-10.45,6.25,16.7,822.5,5.9,-0.01,36.0,basis
garch,202008,-18.75,1.36,637.15,262.5,-20.11,-53.53,33.42,7.86,9.22,-61.39,-70.39,18.49,-9.49,-23.7,-37.69,0.25,0.125,0.375,0.343,0.502,-17.8,-8.32,9.48,924.3,-0.9,-20.11,-27.97,OVER-HOLD(post-fixing)+over-short+under-cover
garch,202009,26.24,89.72,605.54,412.5,-63.48,-45.48,-18.0,-74.91,14.81,29.43,27.79,-4.13,5.77,-24.12,53.55,0.75,0.75,0.529,0.596,0.254,-17.14,-11.87,5.27,947.1,9.1,-63.48,11.43,OVER-HOLD(post-fixing)+over-short
garch,202010,8.38,210.46,625.76,187.5,-202.08,-204.66,2.58,-179.48,30.98,-25.18,-17.25,-7.93,0.0,-0.11,-25.07,0.0,0.0,0.765,0.652,0.182,-17.84,-2.3,15.54,895.8,21.84,-202.08,-22.6,under-cover+basis
garch,202011,162.08,352.15,685.55,193.8,-190.07,-199.69,9.62,-358.47,-6.32,158.78,36.01,67.55,55.21,99.89,58.89,1.0,1.0,0.794,0.816,0.027,-1.83,-8.42,-6.59,855.8,41.48,-190.07,168.4,OVER-HOLD(post-fixing)
garch,202012,32.61,213.82,708.43,375.0,-181.21,-178.8,-2.41,-177.3,36.52,-1.5,74.55,-76.06,0.01,-26.13,24.63,0.5,0.5,0.564,0.608,0.243,-30.19,-1.0,29.19,1001.2,18.12,-181.21,-3.91,OVER-HOLD(post-fixing)+over-short+basis
garch,202101,-2.79,142.05,758.24,512.5,-144.84,-145.01,0.17,-129.77,12.28,-15.23,-8.81,-6.0,-0.43,-2.37,-12.86,0.25,0.25,0.525,0.476,0.372,-9.31,-5.67,3.64,1074.3,12.53,-144.84,-15.07,OVER-HOLD(post-fixing)
garch,202102,244.04,123.87,765.09,250.0,120.17,112.28,7.89,-75.73,48.14,188.01,129.06,23.66,35.29,52.12,135.89,1.0,1.0,0.169,0.378,0.467,-38.57,3.58,42.15,1137.1,6.65,120.17,195.9,OVER-HOLD(post-fixing)+basis
garch,202103,60.54,-73.18,751.02,150.0,133.72,129.23,4.49,75.06,1.88,54.17,17.45,42.67,-5.95,37.61,16.56,0.875,0.875,0.5,0.628,0.229,17.69,8.61,-9.08,1188.8,-5.69,133.72,58.66,OVER-HOLD(post-fixing)
garch,202104,-11.61,-84.43,765.31,375.0,72.82,59.72,13.1,127.06,42.63,-67.33,-72.0,4.67,0.0,0.72,-68.06,0.0,0.0,0.569,0.471,0.369,-27.56,6.1,33.66,1205.6,-10.25,72.82,-54.24,under-cover+basis
garch,202105,-127.46,-198.15,768.28,231.2,70.69,64.07,6.62,231.67,33.52,-167.6,-102.59,-51.2,-13.81,-3.99,-163.61,0.625,0.625,0.419,0.481,0.368,-13.21,8.02,21.22,1226.7,-18.21,70.69,-160.98,OVER-HOLD(post-fixing)+under-cover+basis
garch,202106,-98.49,-196.08,808.98,300.0,97.59,98.21,-0.62,239.67,43.59,-141.46,-129.47,-12.0,0.0,-5.56,-135.9,0.0,0.0,0.47,0.562,0.292,-21.02,8.59,29.61,1197.0,-19.13,97.59,-142.08,under-cover+basis
garch,202107,-65.29,-35.61,691.04,450.0,-29.68,-27.99,-1.69,62.19,26.58,-90.19,-117.33,27.14,0.0,7.48,-97.67,0.0,0.0,0.538,0.482,0.352,-21.16,-3.45,17.71,1077.7,-5.43,-29.68,-91.87,under-cover+basis
garch,202108,84.19,-5.65,730.94,131.2,89.84,100.67,-10.83,27.04,21.39,73.64,-26.07,90.22,9.49,77.39,-3.76,1.0,1.0,0.379,0.458,0.391,-3.37,11.51,14.89,1053.9,-2.44,89.84,62.8,OVER-HOLD(post-fixing)+basis
garch,202109,-31.88,-54.74,631.75,287.5,22.86,20.89,1.97,62.71,7.97,-41.82,5.78,-45.45,-2.15,-35.44,-6.39,0.125,0.062,0.502,0.568,0.279,7.53,2.36,-5.17,998.0,-5.46,22.86,-39.85,over-short
garch,202110,-3.85,34.96,605.85,425.0,-38.81,-39.93,1.12,-19.78,15.18,-20.14,32.59,-52.73,0.0,-48.36,28.22,0.0,0.0,0.663,0.64,0.207,-11.22,-5.84,5.38,971.7,2.38,-38.81,-19.03,over-short
garch,202111,-79.54,37.89,607.29,137.5,-117.43,-110.97,-6.46,-24.0,13.89,-86.97,-20.81,-2.46,-63.7,-68.83,-18.15,1.0,1.0,0.284,0.419,0.43,-3.44,-1.86,1.58,1019.9,2.86,-117.43,-93.43,OVER-HOLD(post-fixing)+over-short+under-cover
garch,202112,218.71,108.13,649.35,287.5,110.58,62.53,48.05,-114.86,-6.73,177.39,72.53,107.25,-2.38,59.8,117.59,1.0,1.0,0.541,0.625,0.223,11.1,-0.84,-11.94,934.4,12.15,110.58,225.44,OVER-HOLD(post-fixing)
garch,202201,-0.85,14.59,657.46,431.2,-15.44,-21.69,6.25,-9.33,5.26,-12.36,31.81,-39.16,-5.0,-20.63,8.28,0.125,0.125,0.188,0.212,0.628,6.75,7.92,1.17,953.7,0.59,-15.44,-6.11,over-short
garch,202202,-117.75,-53.3,671.06,225.0,-64.45,-52.63,-11.82,71.8,18.5,-124.42,-58.12,-46.21,-20.1,-73.96,-50.47,1.0,1.0,0.23,0.312,0.536,-6.19,6.45,12.63,1024.7,-7.37,-64.45,-136.25,OVER-HOLD(post-fixing)+over-short+under-cover+basis
garch,202203,23.77,-99.72,764.6,381.2,123.49,122.23,1.26,103.67,3.95,18.56,-27.45,46.01,0.0,32.81,-14.25,0.0,0.0,0.348,0.434,0.43,10.84,4.83,-6.01,1052.2,-9.65,123.49,19.82,market (little deviation)
garch,202204,-91.03,-115.68,647.84,400.0,24.65,30.65,-6.0,135.4,19.72,-104.75,-81.82,-22.94,0.0,-5.85,-98.9,0.0,0.0,0.277,0.268,0.564,6.96,8.5,1.55,984.5,-12.19,24.65,-110.75,under-cover
garch,202205,88.44,-0.87,687.6,175.0,89.31,78.45,10.86,37.99,37.12,40.46,-36.5,76.96,0.0,59.3,-18.84,0.0,0.0,0.15,0.281,0.57,-19.42,10.8,30.21,941.4,-4.34,89.31,51.32,under-cover+basis
garch,202206,-33.82,-74.35,661.69,425.0,40.53,41.67,-1.14,122.27,47.92,-80.6,-144.38,63.77,0.0,36.95,-117.56,0.0,0.0,0.248,0.321,0.528,-34.13,4.12,38.24,997.1,-12.31,40.53,-81.74,under-cover+basis
garch,202207,-62.27,10.84,619.8,400.0,-73.11,-57.39,-15.72,-41.44,-30.6,-15.96,-16.34,7.42,-7.05,-11.81,-4.15,0.5,0.344,0.662,0.541,0.303,33.73,-22.46,-56.19,877.3,6.2,-73.11,-31.67,OVER-HOLD(post-fixing)+basis
garch,202208,8.95,99.31,636.88,293.8,-90.36,-88.59,-1.77,-96.33,2.98,7.74,-1.09,1.9,6.93,-16.29,24.04,0.25,0.25,0.303,0.305,0.558,-7.85,-13.35,-5.49,901.4,10.94,-90.36,5.97,OVER-HOLD(post-fixing)+over-short
garch,202209,-42.75,167.5,608.84,387.5,-210.25,-190.39,-19.86,-207.52,-40.02,17.13,46.52,-29.52,0.13,-23.81,40.94,0.125,0.125,0.375,0.353,0.498,42.87,-10.53,-53.4,803.6,26.92,-210.25,-2.73,over-short+basis
garch,202210,139.67,207.83,675.46,150.0,-68.16,-64.9,-3.26,-157.6,50.23,92.7,13.93,57.38,21.4,78.78,13.93,1.0,1.0,0.672,0.762,0.082,-44.84,4.66,49.51,915.3,14.87,-68.16,89.44,OVER-HOLD(post-fixing)+basis
garch,202211,44.44,43.84,654.87,300.0,0.6,-19.78,20.38,-7.46,36.38,-12.32,11.71,-6.82,-17.21,-24.03,11.71,1.0,1.0,0.459,0.602,0.251,-22.31,7.99,30.31,955.8,-0.36,0.6,8.06,OVER-HOLD(post-fixing)+over-short+basis
garch,202212,-27.4,-59.89,678.57,225.0,32.49,18.5,13.99,71.27,11.38,-52.77,-25.46,5.27,-32.59,-44.0,-8.77,1.0,1.0,0.504,0.626,0.212,-16.6,-3.83,12.77,1054.6,-7.66,32.49,-38.78,OVER-HOLD(post-fixing)+over-short+basis
garch,202301,-10.04,24.47,607.03,200.0,-34.51,-6.8,-27.71,36.16,60.63,-42.96,-66.67,-15.88,39.6,11.84,-54.8,1.0,1.0,0.806,0.837,0.0,-48.22,-2.76,45.46,1070.7,-1.86,-34.51,-70.67,OVER-HOLD(post-fixing)+under-cover+basis
garch,202302,-13.36,61.45,625.74,250.0,-74.81,-74.62,-0.19,-56.33,5.12,-18.29,40.22,-58.51,0.0,-7.39,-10.9,0.0,0.0,0.52,0.398,0.459,4.83,-0.89,-5.72,996.2,6.38,-74.81,-18.48,market (little deviation)
garch,202303,154.0,12.24,594.21,81.2,141.76,135.03,6.73,-4.63,7.61,139.66,76.92,62.74,0.0,62.74,76.92,1.0,1.0,0.556,0.668,0.196,3.64,0.53,-3.11,958.9,1.27,141.76,146.39,OVER-HOLD(post-fixing)
garch,202304,102.26,-41.09,580.73,168.8,143.35,147.83,-4.48,44.19,3.1,103.65,74.56,17.18,11.91,29.09,74.56,1.0,1.0,0.754,0.822,0.018,4.02,2.02,-2.01,984.5,-4.05,143.35,99.16,OVER-HOLD(post-fixing)
garch,202305,25.39,-141.85,590.67,450.0,167.24,110.29,56.95,165.64,23.79,-55.35,-35.54,-19.82,0.0,-6.59,-48.77,1.0,1.0,0.546,0.543,0.313,-13.84,1.74,15.59,1084.3,-14.81,167.24,1.6,OVER-HOLD(post-fixing)+under-cover+basis
garch,202306,21.15,-80.88,559.36,187.5,102.03,109.6,-7.57,96.19,15.31,13.41,-40.46,41.27,12.59,53.87,-40.46,1.0,1.0,0.537,0.659,0.18,-1.76,4.6,6.36,1006.3,-8.63,102.03,5.84,OVER-HOLD(post-fixing)+under-cover
garch,202307,17.41,-10.19,456.39,250.0,27.6,8.85,18.75,22.8,12.61,-13.95,3.91,-3.96,-13.9,-17.86,3.91,1.0,1.0,0.736,0.78,0.066,-2.94,5.67,8.6,907.4,-2.34,27.6,4.8,OVER-HOLD(post-fixing)+over-short
garch,202308,83.73,-28.36,535.92,200.0,112.09,75.91,36.18,38.53,10.17,37.37,51.94,-25.57,11.0,-14.57,51.94,1.0,1.0,0.729,0.8,0.057,2.95,0.8,-2.15,933.6,-2.81,112.09,73.56,OVER-HOLD(post-fixing)
garch,202309,-20.46,-32.55,548.63,175.0,12.09,14.08,-1.99,21.48,-11.07,-7.4,-1.4,-37.99,31.99,-6.0,-1.4,1.0,1.0,0.54,0.665,0.18,15.1,-1.66,-16.76,964.4,-1.68,12.09,-9.39,OVER-HOLD(post-fixing)+basis
garch,202310,46.25,21.05,516.71,175.0,25.2,31.14,-5.94,-36.71,-15.66,67.86,40.62,6.53,20.7,27.24,40.62,1.0,1.0,0.72,0.796,0.054,29.62,8.52,-21.1,873.9,5.46,25.2,61.91,OVER-HOLD(post-fixing)+basis
garch,202311,-19.87,-30.98,568.83,187.5,11.11,20.73,-9.62,38.1,7.12,-17.37,-10.49,9.22,-16.11,-6.89,-10.49,1.0,1.0,0.431,0.58,0.275,2.95,2.71,-0.24,924.1,-3.55,11.11,-26.99,OVER-HOLD(post-fixing)
garch,202312,35.12,-24.23,526.54,243.8,59.35,49.42,9.93,31.29,7.06,18.13,45.41,4.81,-32.09,-27.28,45.41,1.0,1.0,0.715,0.798,0.027,2.06,0.2,-1.86,930.9,-2.45,59.35,28.06,OVER-HOLD(post-fixing)+over-short
hmm,202001,-88.0,-194.35,810.1,200.0,106.35,103.98,2.37,220.07,25.72,-116.09,-161.62,45.53,0.0,0.0,-116.09,0.0,0.0,0.34,0.249,0.604,-16.87,-2.78,14.1,969.4,-21.6,106.35,-113.72,under-cover+basis
hmm,202002,0.08,-172.13,892.94,193.8,172.21,161.93,10.28,148.79,-23.34,13.14,-24.52,33.27,4.4,1.56,11.59,0.375,0.25,0.68,0.569,0.262,1.06,-40.03,-41.09,965.4,-13.78,172.21,23.42,OVER-HOLD(post-fixing)+basis
hmm,202003,-61.53,-49.94,845.94,300.0,-11.59,-29.66,18.07,27.57,-22.37,-57.23,-13.11,-44.12,0.0,-17.55,-39.68,0.0,0.0,0.269,0.382,0.467,19.44,-11.45,-30.89,856.1,-2.48,-11.59,-39.16,over-short+under-cover+basis
hmm,202004,89.39,135.4,628.43,131.2,-46.01,-53.83,7.82,-163.6,-28.2,109.78,56.9,52.88,0.0,0.0,109.78,0.0,0.0,0.565,0.408,0.439,14.13,-18.84,-32.96,710.9,23.4,-46.01,117.59,basis
hmm,202005,203.44,169.58,746.71,50.0,33.86,30.93,2.93,-148.8,20.78,179.74,155.87,23.87,0.0,0.0,179.74,0.0,0.0,0.061,0.044,0.803,-34.59,-9.82,24.77,814.6,16.55,33.86,182.66,basis
hmm,202006,89.91,87.3,751.38,87.5,2.61,-19.39,22.0,-8.36,78.94,-11.03,15.33,-40.97,14.61,21.57,-32.6,1.0,1.0,0.252,0.412,0.445,-68.24,7.99,76.23,900.7,0.41,2.61,10.97,OVER-HOLD(post-fixing)+under-cover+basis
hmm,202007,41.68,62.96,699.5,137.5,-21.28,4.56,-25.84,-36.01,26.95,40.57,33.43,17.75,-10.61,7.14,33.43,1.0,1.0,0.939,0.956,-0.114,-10.45,6.25,16.7,822.5,5.9,-21.28,14.73,OVER-HOLD(post-fixing)+basis
hmm,202008,-103.2,1.36,637.15,225.0,-104.56,-119.27,14.71,12.23,13.59,-131.5,0.0,-63.38,-68.12,-131.6,0.1,1.0,0.875,1.0,0.938,-0.092,-17.8,-8.32,9.48,924.3,-0.9,-104.56,-116.79,OVER-HOLD(post-fixing)+over-short
hmm,202009,17.52,89.72,605.54,225.0,-72.2,-41.63,-30.57,-73.85,15.87,32.22,31.65,-7.13,7.69,-20.76,52.98,1.0,1.0,0.869,0.872,-0.022,-17.14,-11.87,5.27,947.1,9.1,-72.2,1.65,OVER-HOLD(post-fixing)+over-short
hmm,202010,-9.17,210.46,625.76,106.2,-219.63,-216.62,-3.01,-179.48,30.98,-37.13,-21.67,-19.94,4.48,-18.35,-18.79,0.125,0.125,0.9,0.782,0.053,-17.84,-2.3,15.54,895.8,21.84,-219.63,-40.15,over-short+under-cover+basis
hmm,202011,161.03,352.15,685.55,112.5,-191.12,-202.69,11.57,-357.06,-4.91,154.37,23.36,75.8,55.21,108.14,46.23,1.0,1.0,0.877,0.889,-0.046,-1.83,-8.42,-6.59,855.8,41.48,-191.12,165.94,OVER-HOLD(post-fixing)
hmm,202012,-10.65,213.82,708.43,356.2,-224.47,-229.09,4.62,-177.44,36.38,-51.65,14.79,-66.44,0.0,-7.85,-43.8,0.125,0.125,0.641,0.64,0.211,-30.19,-1.0,29.19,1001.2,18.12,-224.47,-47.03,under-cover+basis
hmm,202101,-7.93,142.05,758.24,462.5,-149.98,-148.38,-1.6,-128.74,13.31,-19.64,6.79,-25.58,-0.85,-26.43,6.79,0.5,0.375,0.592,0.649,0.198,-9.31,-5.67,3.64,1074.3,12.53,-149.98,-21.24,OVER-HOLD(post-fixing)+over-short
hmm,202102,245.07,123.87,765.09,50.0,121.2,117.57,3.63,-75.73,48.14,193.3,142.44,15.56,35.29,50.86,142.44,1.0,1.0,0.831,0.878,-0.033,-38.57,3.58,42.15,1137.1,6.65,121.2,196.93,OVER-HOLD(post-fixing)+basis
hmm,202103,46.78,-73.18,751.02,168.8,119.96,115.28,4.68,75.06,1.88,40.22,4.46,42.56,-6.8,35.76,4.46,1.0,1.0,0.528,0.654,0.203,17.69,8.61,-9.08,1188.8,-5.69,119.96,44.9,OVER-HOLD(post-fixing)
hmm,202104,-14.63,-84.43,765.31,443.8,69.8,61.14,8.66,127.3,42.87,-66.16,-87.14,12.23,8.75,9.86,-76.02,0.25,0.208,0.429,0.374,0.466,-27.56,6.1,33.66,1205.6,-10.25,69.8,-57.5,OVER-HOLD(post-fixing)+under-cover+basis
hmm,202105,-143.7,-198.15,768.28,237.5,54.45,38.09,16.36,229.93,31.78,-191.83,-108.85,-60.88,-22.1,-8.54,-183.29,1.0,1.0,0.429,0.506,0.343,-13.21,8.02,21.22,1226.7,-18.21,54.45,-175.48,OVER-HOLD(post-fixing)+under-cover+basis
hmm,202106,-102.29,-196.08,808.98,312.5,93.79,92.78,1.01,239.67,43.59,-146.89,-140.36,-6.53,0.0,-2.48,-144.41,0.0,0.0,0.398,0.515,0.339,-21.02,8.59,29.61,1197.0,-19.13,93.79,-145.88,under-cover+basis
hmm,202107,-48.45,-35.61,691.04,381.2,-12.84,-14.68,1.84,62.4,26.79,-77.08,-76.77,1.85,-2.16,-0.31,-76.77,0.25,0.219,0.61,0.64,0.194,-21.16,-3.45,17.71,1077.7,-5.43,-12.84,-75.24,OVER-HOLD(post-fixing)+under-cover+basis
hmm,202108,110.63,-5.65,730.94,162.5,116.28,124.45,-8.17,25.54,19.89,98.91,-26.83,116.25,9.49,108.98,-10.07,1.0,1.0,0.315,0.458,0.391,-3.37,11.51,14.89,1053.9,-2.44,116.28,90.74,OVER-HOLD(post-fixing)+basis
hmm,202109,-19.3,-54.74,631.75,356.2,35.44,32.03,3.41,62.71,7.97,-30.68,16.29,-46.97,0.0,-34.81,4.13,0.0,0.0,0.344,0.451,0.396,7.53,2.36,-5.17,998.0,-5.46,35.44,-27.27,over-short
hmm,202110,69.39,34.96,605.85,300.0,34.43,32.95,1.48,-18.37,16.59,51.33,64.51,-13.19,0.0,-14.71,66.03,0.0,0.0,0.606,0.648,0.199,-11.22,-5.84,5.38,971.7,2.38,34.43,52.8,market (little deviation)
hmm,202111,-56.27,37.89,607.29,150.0,-94.16,-85.73,-8.43,-24.13,13.76,-61.6,17.17,-15.07,-63.7,-70.02,8.43,1.0,1.0,0.788,0.822,0.027,-3.44,-1.86,1.58,1019.9,2.86,-94.16,-70.03,OVER-HOLD(post-fixing)+over-short
hmm,202112,212.16,108.13,649.35,293.8,104.03,55.57,48.46,-114.75,-6.62,170.33,65.46,107.25,-2.38,59.8,110.53,1.0,1.0,0.514,0.605,0.243,11.1,-0.84,-11.94,934.4,12.15,104.03,218.78,OVER-HOLD(post-fixing)
hmm,202201,6.51,14.59,657.46,300.0,-8.08,-12.89,4.81,-9.33,5.26,-3.56,10.8,25.64,-40.0,-14.76,11.2,1.0,0.792,0.127,0.286,0.555,6.75,7.92,1.17,953.7,0.59,-8.08,1.25,OVER-HOLD(post-fixing)
hmm,202202,-121.11,-53.3,671.06,200.0,-67.81,-57.86,-9.95,72.81,19.51,-130.68,-63.98,-46.6,-20.1,-64.51,-66.16,1.0,1.0,0.109,0.301,0.547,-6.19,6.45,12.63,1024.7,-7.37,-67.81,-140.62,OVER-HOLD(post-fixing)+over-short+under-cover+basis
hmm,202203,23.41,-99.72,764.6,431.2,123.13,121.54,1.59,105.53,5.81,16.01,-35.22,51.22,0.0,33.6,-17.59,0.0,0.0,0.331,0.423,0.441,10.84,4.83,-6.01,1052.2,-9.65,123.13,17.6,under-cover
hmm,202204,-64.06,-115.68,647.84,456.2,51.62,56.49,-4.87,131.92,16.24,-75.43,-66.09,-9.34,0.0,-1.07,-74.36,0.0,0.0,0.254,0.315,0.517,6.96,8.5,1.55,984.5,-12.19,51.62,-80.3,under-cover
hmm,202205,97.03,-0.87,687.6,150.0,97.9,85.82,12.08,37.78,36.91,48.04,-36.88,84.92,0.0,69.27,-21.23,0.0,0.0,0.1,0.279,0.572,-19.42,10.8,30.21,941.4,-4.34,97.9,60.12,under-cover+basis
hmm,202206,-76.27,-74.35,661.69,425.0,-1.92,6.46,-8.38,121.58,47.23,-115.12,-150.15,35.03,0.0,14.86,-129.98,0.0,0.0,0.125,0.256,0.593,-34.13,4.12,38.24,997.1,-12.31,-1.92,-123.5,under-cover+basis
hmm,202207,-81.54,10.84,619.8,537.5,-92.38,-85.7,-6.68,-33.55,-22.71,-52.15,-29.33,-12.83,-9.99,-9.32,-42.83,1.0,1.0,0.611,0.591,0.254,33.73,-22.46,-56.19,877.3,6.2,-92.38,-58.83,OVER-HOLD(post-fixing)+under-cover+basis
hmm,202208,54.66,99.31,636.88,325.0,-44.65,-78.6,33.95,-103.47,-4.16,24.86,-6.86,4.01,27.71,2.26,22.61,1.0,1.0,0.219,0.317,0.547,-7.85,-13.35,-5.49,901.4,10.94,-44.65,58.82,OVER-HOLD(post-fixing)
hmm,202209,-7.03,167.5,608.84,443.8,-174.53,-170.78,-3.75,-218.74,-51.24,47.96,52.25,-4.42,0.13,-17.76,65.72,0.125,0.125,0.83,0.766,0.084,42.87,-10.53,-53.4,803.6,26.92,-174.53,44.21,over-short+basis
hmm,202210,139.67,207.83,675.46,150.0,-68.16,-64.9,-3.26,-157.6,50.23,92.7,13.93,57.38,21.4,78.78,13.93,1.0,1.0,0.672,0.762,0.082,-44.84,4.66,49.51,915.3,14.87,-68.16,89.44,OVER-HOLD(post-fixing)+basis
hmm,202211,-5.4,43.84,654.87,300.0,-49.24,-79.47,30.23,-9.2,34.64,-70.27,-46.25,-6.82,-17.21,-24.03,-46.25,1.0,1.0,0.541,0.663,0.191,-22.31,7.99,30.31,955.8,-0.36,-49.24,-40.04,OVER-HOLD(post-fixing)+over-short+under-cover+basis
hmm,202212,-20.15,-59.89,678.57,225.0,39.74,26.72,13.02,70.29,10.4,-43.57,-16.26,5.27,-32.59,-44.0,0.43,1.0,1.0,0.448,0.587,0.251,-16.6,-3.83,12.77,1054.6,-7.66,39.74,-30.55,OVER-HOLD(post-fixing)+over-short+basis
hmm,202301,-10.28,24.47,607.03,212.5,-34.75,-8.59,-26.16,36.86,61.33,-45.45,-69.16,-15.88,39.6,11.84,-57.29,1.0,1.0,0.867,0.881,-0.044,-48.22,-2.76,45.46,1070.7,-1.86,-34.75,-71.61,OVER-HOLD(post-fixing)+under-cover+basis
hmm,202302,-24.43,61.45,625.74,250.0,-85.88,-89.15,3.27,-54.87,6.58,-34.29,24.23,-58.51,0.0,-7.39,-26.9,0.0,0.0,0.552,0.422,0.435,4.83,-0.89,-5.72,996.2,6.38,-85.88,-31.01,under-cover
hmm,202303,154.02,12.24,594.21,87.5,141.78,136.23,5.55,-1.62,10.62,137.84,75.1,62.74,0.0,62.74,75.1,1.0,1.0,0.517,0.639,0.225,3.64,0.53,-3.11,958.9,1.27,141.78,143.4,OVER-HOLD(post-fixing)
hmm,202304,123.51,-41.09,580.73,150.0,164.6,169.91,-5.31,46.02,4.93,123.89,94.8,17.18,11.91,29.09,94.8,1.0,1.0,0.683,0.77,0.07,4.02,2.02,-2.01,984.5,-4.05,164.6,118.58,OVER-HOLD(post-fixing)
hmm,202305,60.96,-141.85,590.67,400.0,202.81,137.36,65.45,165.21,23.36,-27.85,-4.85,-23.0,0.0,-18.69,-9.16,1.0,1.0,0.873,0.839,0.017,-13.84,1.74,15.59,1084.3,-14.81,202.81,37.6,OVER-HOLD(post-fixing)+over-short+basis
hmm,202306,18.72,-80.88,559.36,187.5,99.6,107.13,-7.53,97.06,16.18,10.07,-43.8,41.27,12.59,53.87,-43.8,1.0,1.0,0.506,0.636,0.203,-1.76,4.6,6.36,1006.3,-8.63,99.6,2.54,OVER-HOLD(post-fixing)+under-cover
hmm,202307,14.82,-10.19,456.39,225.0,25.01,6.97,18.04,22.78,12.59,-15.81,14.05,-15.96,-13.9,-29.86,14.05,1.0,1.0,0.667,0.737,0.11,-2.94,5.67,8.6,907.4,-2.34,25.01,2.23,OVER-HOLD(post-fixing)+over-short
hmm,202308,86.6,-28.36,535.92,200.0,114.96,76.54,38.42,38.53,10.17,38.01,52.58,-25.57,11.0,-14.57,52.58,1.0,1.0,0.734,0.805,0.053,2.95,0.8,-2.15,933.6,-2.81,114.96,76.43,OVER-HOLD(post-fixing)
hmm,202309,-18.79,-32.55,548.63,175.0,13.76,15.75,-1.99,21.48,-11.07,-5.73,0.27,-37.99,31.99,-6.0,0.27,1.0,1.0,0.542,0.666,0.178,15.1,-1.66,-16.76,964.4,-1.68,13.76,-7.72,OVER-HOLD(post-fixing)+basis
hmm,202310,44.92,21.05,516.71,212.5,23.87,31.59,-7.72,-35.88,-14.83,67.47,40.24,6.53,20.7,27.24,40.24,1.0,1.0,0.71,0.788,0.062,29.62,8.52,-21.1,873.9,5.46,23.87,59.75,OVER-HOLD(post-fixing)+basis
hmm,202311,9.16,-30.98,568.83,206.2,40.14,47.21,-7.07,37.73,6.75,9.48,16.37,9.22,-16.11,-6.89,16.37,1.0,1.0,0.591,0.698,0.158,2.95,2.71,-0.24,924.1,-3.55,40.14,2.41,OVER-HOLD(post-fixing)
hmm,202312,33.66,-24.23,526.54,250.0,57.89,48.04,9.85,31.01,6.78,17.04,44.32,4.81,-32.09,-27.28,44.32,1.0,1.0,0.713,0.797,0.028,2.06,0.2,-1.86,930.9,-2.45,57.89,26.88,OVER-HOLD(post-fixing)+over-short
