tag,trade_date,calib_date,stale_days,h_trade,sigma_trade,h_ratio,lr_vol,H0_logged,h_ratio_logged,rv20,rv60,rv120,basis_sigma,nu
202001,2020-01-01,2020-01-01,0,0.00018145,0.21383498310613255,1.0640936220417812,0.2077,0.00018145,1.0640936220417812,0.19972963260283771,0.2247518379484531,0.22336218741459252,7.522,8.05
202002,2020-02-03,2020-01-01,33,0.00025266178013314206,0.25233067311278623,1.4817072955271384,0.2077,0.00018145,1.0640936220417812,0.2791883821670839,0.2429253339257558,0.23440657125096387,7.522,8.05
202003,2020-03-02,2020-01-01,61,0.0003239249458800457,0.28570804392206306,1.899622314307995,0.2077,0.00018145,1.0640936220417812,0.29974558885980396,0.2722116943693208,0.25709334567438474,7.522,8.05
202004,2020-04-01,2020-04-01,0,0.0016422,0.6432996191511386,8.295664576709363,0.2235,0.0016422,8.295664576709363,0.8734788738853234,0.551688933126895,0.42266343494906644,8.017,7.25
202005,2020-05-01,2020-04-01,30,0.0012349868682866628,0.557867986900341,6.23860480815181,0.2235,0.0016422,8.295664576709363,0.5142393798399895,0.6000213351908036,0.45404663054245475,8.017,7.25
202006,2020-06-01,2020-04-01,61,0.0010056086659844267,0.5034018115065495,5.079888069929952,0.2235,0.0016422,8.295664576709363,0.535343756236464,0.6607025697742192,0.4954223690015358,8.017,7.25
202007,2020-07-01,2020-07-01,0,0.00062015,0.39531987048464945,3.145746115320391,0.223,0.00062015,3.145746115320391,0.3881668938079515,0.48368557475771673,0.513855386638109,8.714,7.2
202008,2020-08-03,2020-07-01,33,0.0006235819922868312,0.39641223752084326,3.1631550912199455,0.223,0.00062015,3.145746115320391,0.4454925960891314,0.4509300642024517,0.532327025679214,8.714,7.2
202009,2020-09-01,2020-07-01,62,0.0003859126800203438,0.3118493151589829,1.9575639990758325,0.223,0.00062015,3.145746115320391,0.32568862741335874,0.3808947779287213,0.5373501241526685,8.714,7.2
202010,2020-10-01,2020-10-01,0,0.000576,0.38098818879330104,2.7666180632987363,0.2282,0.000576,2.7666180632987363,0.4497384879152857,0.40674459670448765,0.43752981175002204,9.006,7.11
202011,2020-11-02,2020-10-01,32,0.00040568993103052767,0.31974030496590977,1.9485921723740909,0.2282,0.000576,2.7666180632987363,0.30529715032889093,0.3556984303719744,0.4053543774835745,9.006,7.11
202012,2020-12-01,2020-10-01,61,0.0003683561508008479,0.304673185564161,1.769272188425033,0.2282,0.000576,2.7666180632987363,0.3169439154702607,0.34633154419936213,0.3658028967351281,9.006,7.11
202101,2021-01-01,2021-01-01,0,0.00030247,0.2760841176163526,1.4736494854749018,0.2269,0.00030247,1.4736494854749018,0.25445519253066134,0.30223608027591864,0.35472802094235295,9.046,7.33
202102,2021-02-01,2021-01-01,31,0.0003955053109868544,0.3157013436282578,1.9269223329201874,0.2269,0.00030247,1.4736494854749018,0.3802766110182495,0.3254455541940397,0.3448071018683823,9.046,7.33
202103,2021-03-01,2021-01-01,59,0.0004939465561351469,0.35280948420650066,2.4065331712257714,0.2269,0.00030247,1.4736494854749018,0.41717637995979184,0.35964795903761765,0.3611913694713679,9.046,7.33
202104,2021-04-01,2021-04-01,0,0.00037883,0.3089743678689221,1.7505055721663625,0.2336,0.00037883,1.7505055721663625,0.30628782945949623,0.3673686891767648,0.335704781763318,9.281,7.49
202105,2021-05-03,2021-04-01,32,0.0003394162649240609,0.2924600806278754,1.5683817623563683,0.2336,0.00037883,1.7505055721663625,0.29964205943444994,0.3368145915780638,0.33341203825019006,9.281,7.49
202106,2021-06-01,2021-04-01,61,0.00026920872456353645,0.2604622786316882,1.2439652942593513,0.2336,0.00037883,1.7505055721663625,0.24472036709468617,0.2748323509855037,0.31986587527025756,9.281,7.49
202107,2021-07-01,2021-07-01,0,0.00038484,0.3114156065453368,1.7630104712041976,0.2343,0.00038484,1.7630104712041976,0.3598936272484961,0.30235693853661205,0.3344466150653709,9.376,7.25
202108,2021-08-02,2021-07-01,32,0.0003304778900678485,0.2885834858357245,1.5139693916720887,0.2343,0.00038484,1.7630104712041976,0.2695535151392271,0.29082974414401735,0.31681995960452014,9.376,7.25
202109,2021-09-01,2021-07-01,62,0.00032751032727301396,0.287284880341447,1.50037453593659,0.2343,0.00038484,1.7630104712041976,0.3106064598089254,0.3124155953777474,0.29308595711263785,9.376,7.25
202110,2021-10-01,2021-10-01,0,0.0004519,0.3374593308829969,1.990350350350332,0.2395,0.0004519,1.990350350350332,0.3854814826886534,0.3201083197075524,0.30768795023609774,9.494,7.42
202111,2021-11-01,2021-10-01,31,0.0003349893159755243,0.29054656705222337,1.4754284187110043,0.2395,0.0004519,1.990350350350332,0.26443844124646454,0.3210100495086385,0.30603015387589955,9.494,7.42
202112,2021-12-01,2021-10-01,61,0.00038711910607456786,0.31233638073524367,1.705029095823907,0.2395,0.0004519,1.990350350350332,0.3179368476287413,0.32449827213487337,0.31601235806730155,9.494,7.42
202201,2022-01-03,2022-01-03,0,0.00032862,0.2877711590830464,1.4600263797292519,0.2377,0.00032862,1.4600263797292519,0.272921534300465,0.28615285548973224,0.3030191398696079,9.552,7.34
202202,2022-02-01,2022-01-03,29,0.0004366995800933635,0.33173527726717217,1.9402133374505446,0.2377,0.00032862,1.4600263797292519,0.3838862232193755,0.3272818758449004,0.32305998149122456,9.552,7.34
202203,2022-03-01,2022-01-03,57,0.0003583428419785694,0.3005035709914268,1.5920820469717667,0.2377,0.00032862,1.4600263797292519,0.2724140325265234,0.31982536851860127,0.3171373516885793,9.552,7.34
202204,2022-04-01,2022-04-01,0,0.00039987,0.31743856098464157,1.7005219206680429,0.2439,0.00039987,1.7005219206680429,0.3653947842932837,0.34241023610204735,0.31424740319617256,9.618,7.43
202205,2022-05-02,2022-04-01,31,0.0003654266380814545,0.3034592440452697,1.5540450857867327,0.2439,0.00039987,1.7005219206680429,0.2802858335896161,0.30419285083314934,0.3140332859175884,9.618,7.43
202206,2022-06-01,2022-04-01,61,0.0004194392626811361,0.3251133559170498,1.7837438682024491,0.2439,0.00039987,1.7005219206680429,0.37712479524691367,0.3382308400749852,0.32842216723771855,9.618,7.43
202207,2022-07-01,2022-07-01,0,0.0003651,0.30332358958709427,1.530503041262533,0.2464,0.0003651,1.530503041262533,0.3075231699495296,0.32046824998850676,0.32851174855103626,9.687,7.46
202208,2022-08-01,2022-07-01,31,0.00032967097746241944,0.288230960031239,1.3819842060318404,0.2464,0.0003651,1.530503041262533,0.30943812264271187,0.32899999427210946,0.315508907391013,9.687,7.46
202209,2022-09-01,2022-07-01,62,0.00029678450786561813,0.2734770483644574,1.2441237794794102,0.2464,0.0003651,1.530503041262533,0.2734407883610052,0.27906991630984457,0.3147560693905526,9.687,7.46
202210,2022-10-03,2022-10-03,0,0.00035517,0.2991702525318986,1.4380675439403932,0.2507,0.00035517,1.4380675439403932,0.3238229232683375,0.30100013594691233,0.31136214636733855,9.732,7.57
202211,2022-11-01,2022-10-03,29,0.0004429946032405718,0.33411770383597467,1.7936654589661798,0.2507,0.00035517,1.4380675439403932,0.40206513284043194,0.3399114130098888,0.3320398037592438,9.732,7.57
202212,2022-12-01,2022-12-01,0,0.00044989,0.3367080040628675,1.7303461538461506,0.2554,0.00044989,1.7303461538461506,0.35693309643341115,0.3573723729707267,0.3272223219202007,9.853,7.69
202301,2023-01-02,2023-01-02,0,0.00048144,0.3483143407900398,1.76789202064313,0.2593,0.00048144,1.76789202064313,0.375785018017683,0.3701339043013303,0.3367203265912592,9.86,7.82
202302,2023-02-01,2023-01-02,30,0.0003339253695819938,0.29008480335009357,1.2262047116448882,0.2593,0.00048144,1.76789202064313,0.22921500399152542,0.3206689137867097,0.3287929604641776,9.86,7.82
202303,2023-03-01,2023-03-01,0,0.00043379,0.3306283109475049,1.6357589099173138,0.2582,0.00043379,1.6357589099173138,0.375870597222226,0.3284109261865102,0.3438415143649949,9.908,7.81
202304,2023-04-03,2023-04-03,0,0.00035124,0.29751047040398426,1.3580212154258007,0.2549,0.00035124,1.3580212154258007,0.2975927240936513,0.2988329883671674,0.33701229809458594,9.888,7.78
202305,2023-05-01,2023-04-03,28,0.00040137016088912035,0.3180334582147896,1.5518425968747647,0.2549,0.00035124,1.3580212154258007,0.31447437894199987,0.3312757803476964,0.33137624137336097,9.888,7.78
202306,2023-06-01,2023-06-01,0,0.00033857,0.2920952584346415,1.2861701454107786,0.2562,0.00033857,1.2861701454107786,0.27469177565179637,0.30284095125051375,0.31006010281188545,9.877,7.91
202307,2023-07-03,2023-07-03,0,0.00027907,0.2651898188090938,1.0878359525665826,0.2525,0.00027907,1.0878359525665826,0.22923256398944303,0.27994889271931533,0.2993680498817118,9.857,8.0
202308,2023-08-01,2023-07-03,29,0.0002897908911676752,0.27023564637969977,1.129626796640652,0.2525,0.00027907,1.0878359525665826,0.2563887227498259,0.26680927911003216,0.2936496396834765,9.857,8.0
202309,2023-09-01,2023-09-01,0,0.00022518,0.238212846001218,0.900313704584601,0.2506,0.00022518,0.900313704584601,0.19913983616884662,0.2344028762047046,0.27523456671762314,9.824,8.04
202310,2023-10-02,2023-10-02,0,0.00025497,0.2534806501490794,0.9957928767480088,0.2542,0.00025497,0.9957928767480088,0.26441962414529935,0.2452721110719481,0.26054860405652885,9.821,8.11
202311,2023-11-01,2023-10-02,30,0.00023897381951374855,0.24540049412636608,0.9333193207085348,0.2542,0.00025497,0.9957928767480088,0.22325719445277614,0.24308968948767412,0.24831137125711272,9.821,8.11
202312,2023-12-01,2023-12-01,0,0.00029938,0.2746702750572038,1.1504501537110425,0.2555,0.00029938,1.1504501537110425,0.3145508404900167,0.2704488371142409,0.2576314218974937,9.787,8.21
