batch,inner,flat,ok,peak_alloc_GiB,peak_reserved_GiB,s_per_fit_step,fit_steps,wall_s,gpu_util_mean,gpu_util_peak,paths_per_s,error
512,64,32768,True,3.72,4.14,0.534,3,3.0,3.7,11,959.1,
768,64,49152,True,5.57,6.21,0.64,3,3.5,50.0,100,1199.8,
1024,64,65536,True,7.42,8.25,0.736,3,3.9,16.0,60,1390.4,
1280,64,81920,True,9.26,10.32,0.746,3,4.1,20.2,68,1716.7,
1536,64,98304,True,11.11,12.42,0.827,3,4.5,27.2,73,1857.0,
2048,64,131072,True,14.8,16.45,0.99,3,5.4,39.2,100,2068.7,
1024,96,98304,True,11.04,12.33,0.936,3,4.9,47.6,100,1093.8,
1024,128,131072,True,14.66,16.3,1.122,3,5.7,31.5,77,912.7,
768,128,98304,True,11.01,12.23,0.934,3,4.9,35.0,100,821.9,
