mean_pnl,worst_pnl,median_pnl,no_trade_worst,no_trade_mean,mean_delta_vs_no_trade,worst_delta_vs_no_trade,max_per_inst_pos,min_per_inst_pos,max_total_abs_pos,frac_post_settle,row_tag,seed,epochs,overrides,elapsed_min,source,config
-162742.75,-2358329.0,-203209.7890625,-1569304.0,112118.96875,-274861.71875,-789025.0,0.0,-50.0,150.0,1.0,default,42,100,,6.6626606771166434,20260510_174555_symlog_phaseA_g0,default@100ep
75375.546875,-1607013.375,18429.7421875,-1569304.0,112118.96875,-36743.421875,-37709.375,0.0,-47.0,47.0,1.0,floor_penalty=5,42,100,objective.Floor_Penalty=5,6.526308380083295,20260510_174555_symlog_phaseA_g0,floor_penalty=5@100ep
100798.703125,-1542934.25,43751.798828125,-1569304.0,112118.96875,-11320.265625,26369.75,0.0,-45.0,62.0,1.0,floor_penalty=20,42,100,objective.Floor_Penalty=20,6.600859313283339,20260510_174555_symlog_phaseA_g0,floor_penalty=20@100ep
-53901.25390625,-1327104.25,-85500.13671875,-1569304.0,112118.96875,-166020.22265625,242199.75,0.0,-34.0,57.0,1.0,dense_tracking_reward_scale=1,42,100,optimizer.Dense_Tracking_Reward_Scale=1,6.596630253116685,20260510_174555_symlog_phaseA_g0,dense_tracking_reward_scale=1@100ep
103113.71875,-1478668.25,85807.26953125,-1569304.0,112118.96875,-9005.25,90635.75,0.0,-50.0,138.0,1.0,dense_tracking_reward_scale=3,42,100,optimizer.Dense_Tracking_Reward_Scale=3,6.557796283533329,20260510_174555_symlog_phaseA_g0,dense_tracking_reward_scale=3@100ep
43979.28125,-1519175.0,5551.27734375,-1569304.0,112118.96875,-68139.6875,50129.0,0.0,-15.0,37.0,1.0,entropy_coef=0.0003,42,100,optimizer.Entropy_Coef=0.0003,6.588532045916691,20260510_174555_symlog_phaseA_g0,entropy_coef=0.0003@100ep
111376.015625,-1573625.25,52379.3984375,-1569304.0,112118.96875,-742.953125,-4321.25,0.0,-5.0,5.0,0.9990234375,entropy_coef=0.003,42,100,optimizer.Entropy_Coef=0.003,7.107187685150044,20260510_174556_symlog_phaseA_g1,entropy_coef=0.003@100ep
-20816.66015625,-1637144.5,-12344.42578125,-1569304.0,112118.96875,-132935.62890625,-67840.5,0.0,-50.0,141.0,1.0,learning_rate=0.001,42,100,optimizer.Learning_Rate=0.001,7.383271243883367,20260510_174556_symlog_phaseA_g1,learning_rate=0.001@100ep
112105.78125,-1569304.0,48473.955078125,-1569304.0,112118.96875,-13.1875,0.0,0.0,-6.0,6.0,0.025390625,post_deal_trade_penalty=2,42,100,objective.Post_Deal_Trade_Penalty=2,7.361910506233349,20260510_174556_symlog_phaseA_g1,post_deal_trade_penalty=2@100ep
74553.75,-1377858.25,55297.87890625,-1569304.0,112118.96875,-37565.21875,191445.75,0.0,-50.0,143.0,1.0,post_deal_trade_penalty=5,42,100,objective.Post_Deal_Trade_Penalty=5,7.462964795449989,20260510_174556_symlog_phaseA_g1,post_deal_trade_penalty=5@100ep
126818.1171875,-1362219.125,91961.44921875,-1569304.0,112118.96875,14699.1484375,207084.875,0.0,-29.0,70.0,0.400390625,value_coef=0.05,42,100,optimizer.Value_Coef=0.05,7.396646154100017,20260510_174556_symlog_phaseA_g1,value_coef=0.05@100ep
2443.8525390625,-1466482.125,-27686.830078125,-1569304.0,112118.96875,-109675.1162109375,102821.875,0.0,-15.0,41.0,1.0,value_coef=0.2,42,100,optimizer.Value_Coef=0.2,7.123784352833294,20260510_174556_symlog_phaseA_g1,value_coef=0.2@100ep
-8044.2900390625,-1532566.875,-65437.8515625,-1551628.875,92839.2734375,-100883.5634765625,19062.0,0.0,-50.0,51.0,1.0,vc05_validate_seed7,7,100,optimizer.Value_Coef=0.05,6.549522330116633,20260510_183147_symlog_phaseB_g0,vc05@100ep
18366.109375,-1931316.125,-52843.3359375,-1925075.75,106156.734375,-87790.625,-6240.375,0.0,-50.0,56.0,1.0,vc05_validate_seed123,123,100,optimizer.Value_Coef=0.05,6.641061954916707,20260510_183147_symlog_phaseB_g0,vc05@100ep
110387.125,-2200030.75,54728.232421875,-2206881.25,114617.34375,-4230.21875,6850.5,0.0,-8.0,8.0,1.0,vc05_validate_seed456,456,100,optimizer.Value_Coef=0.05,6.77021455706666,20260510_183147_symlog_phaseB_g0,vc05@100ep
72078.5859375,-1487240.5,9861.8154296875,-1551628.875,92839.2734375,-20760.6875,64388.375,0.0,-9.0,16.0,1.0,default_validate_seed7,7,100,,6.867914303699945,20260510_183147_symlog_phaseB_g0,default@100ep
105201.2265625,-1925126.75,-3448.49658203125,-1925075.75,106156.734375,-955.5078125,-51.0,0.0,-24.0,24.0,0.3359375,default_validate_seed123,123,100,,6.731047211533284,20260510_183147_symlog_phaseB_g0,default@100ep
113242.78125,-2204766.75,60806.646484375,-2206881.25,114617.34375,-1374.5625,2114.5,0.0,-7.0,7.0,1.0,default_validate_seed456,456,100,,6.783471653250005,20260510_183147_symlog_phaseB_g0,default@100ep
50111.375,-1795404.25,26876.3828125,-1569304.0,112118.96875,-62007.59375,-226100.25,0.0,-50.0,144.0,1.0,vc02_seed42,42,100,optimizer.Value_Coef=0.02,6.853134053783348,20260510_183149_symlog_phaseB_g1,vc02@100ep
44585.890625,-1264702.125,-3485.71484375,-1569304.0,112118.96875,-67533.078125,304601.875,0.0,-50.0,144.0,1.0,vc03_seed42,42,100,optimizer.Value_Coef=0.03,7.317035885483347,20260510_183149_symlog_phaseB_g1,vc03@100ep
127288.75,-1529567.5,76185.69140625,-1569304.0,112118.96875,15169.78125,39736.5,0.0,-6.0,18.0,1.0,vc05_x_dense1_seed42,42,100,optimizer.Value_Coef=0.05;optimizer.Dense_Tracking_Reward_Scale=1,7.7344151898333315,20260510_183149_symlog_phaseB_g1,vc05_x_dense1@100ep
37417.17578125,-1292914.25,9686.74072265625,-1569304.0,112118.96875,-74701.79296875,276389.75,0.0,-15.0,36.0,1.0,vc05_x_postdeal5_seed42,42,100,optimizer.Value_Coef=0.05;objective.Post_Deal_Trade_Penalty=5,7.93041035719998,20260510_183149_symlog_phaseB_g1,vc05_x_postdeal5@100ep
56675.85546875,-1622321.5,-9614.21875,-1569304.0,112118.96875,-55443.11328125,-53017.5,0.0,-8.0,21.0,1.0,vc05_x_fp20_seed42,42,100,optimizer.Value_Coef=0.05;objective.Floor_Penalty=20,7.72076219123331,20260510_183149_symlog_phaseB_g1,vc05_x_fp20@100ep
-5747.6376953125,-1440023.125,-64275.419921875,-1551628.875,92839.2734375,-98586.9111328125,111605.75,0.0,-27.0,46.0,1.0,vc03_validate_seed7,7,100,optimizer.Value_Coef=0.03,6.833627773499999,20260510_191411_symlog_phaseC_g0,vc03@100ep
-57978.234375,-1706948.75,-110976.234375,-1925075.75,106156.734375,-164134.96875,218127.0,0.0,-50.0,100.0,1.0,vc03_validate_seed123,123,100,optimizer.Value_Coef=0.03,6.8930045862999885,20260510_191411_symlog_phaseC_g0,vc03@100ep
114617.34375,-2206881.25,64157.107421875,-2206881.25,114617.34375,0.0,0.0,0.0,0.0,0.0,0.0,vc03_validate_seed456,456,100,optimizer.Value_Coef=0.03,6.832222872666656,20260510_191411_symlog_phaseC_g0,vc03@100ep
74827.140625,-1539448.875,14505.83544921875,-1551628.875,92839.2734375,-18012.1328125,12180.0,0.0,-12.0,17.0,1.0,vc05_x_postdeal5_val_seed7,7,100,optimizer.Value_Coef=0.05;objective.Post_Deal_Trade_Penalty=5,6.863098039549974,20260510_191411_symlog_phaseC_g0,vc05_x_postdeal5@100ep
80685.2890625,-1805023.75,-16280.7607421875,-1925075.75,106156.734375,-25471.4453125,120052.0,0.0,-13.0,20.0,1.0,vc05_x_postdeal5_val_seed123,123,100,optimizer.Value_Coef=0.05;objective.Post_Deal_Trade_Penalty=5,6.797537536350016,20260510_191411_symlog_phaseC_g0,vc05_x_postdeal5@100ep
109214.015625,-2205201.5,60395.060546875,-2206881.25,114617.34375,-5403.328125,1679.75,0.0,-50.0,50.0,1.0,vc05_x_postdeal5_val_seed456,456,100,optimizer.Value_Coef=0.05;objective.Post_Deal_Trade_Penalty=5,6.841750845666684,20260510_191411_symlog_phaseC_g0,vc05_x_postdeal5@100ep
48574.703125,-1456999.625,-995.7265625,-1551628.875,92839.2734375,-44264.5703125,94629.25,0.0,-14.0,19.0,1.0,dense1_validate_seed7,7,100,optimizer.Dense_Tracking_Reward_Scale=1,6.775873025100009,20260510_191411_symlog_phaseC_g0,dense1@100ep
100990.484375,-1931310.5,-1719.45849609375,-1925075.75,106156.734375,-5166.25,-6234.75,0.0,-45.0,45.0,0.9794921875,dense1_validate_seed123,123,100,optimizer.Dense_Tracking_Reward_Scale=1,7.559227357649979,20260510_191413_symlog_phaseC_g1,dense1@100ep
-46137.7265625,-1965481.5,-103249.3515625,-2206881.25,114617.34375,-160755.0703125,241399.75,0.0,-50.0,100.0,1.0,dense1_validate_seed456,456,100,optimizer.Dense_Tracking_Reward_Scale=1,7.999156021233345,20260510_191413_symlog_phaseC_g1,dense1@100ep
62390.67578125,-1453869.625,2952.126953125,-1551628.875,92839.2734375,-30448.59765625,97759.25,0.0,-14.0,18.0,1.0,postdeal5_validate_seed7,7,100,objective.Post_Deal_Trade_Penalty=5,7.940085373250016,20260510_191413_symlog_phaseC_g1,postdeal5@100ep
-31084.70703125,-1669260.75,-105797.66015625,-1925075.75,106156.734375,-137241.44140625,255815.0,0.0,-50.0,100.0,1.0,postdeal5_validate_seed123,123,100,objective.Post_Deal_Trade_Penalty=5,8.042540361366688,20260510_191413_symlog_phaseC_g1,postdeal5@100ep
80887.984375,-2111451.75,49011.5546875,-2206881.25,114617.34375,-33729.359375,95429.5,0.0,-50.0,50.0,1.0,postdeal5_validate_seed456,456,100,objective.Post_Deal_Trade_Penalty=5,7.971006636200036,20260510_191413_symlog_phaseC_g1,postdeal5@100ep
92561.28125,-1551865.75,38728.671875,-1551628.875,92839.2734375,-277.9921875,-236.875,0.0,0.0,0.0,0.0,vc05_long_200ep_seed7,7,200,optimizer.Value_Coef=0.05,14.96353618565002,20260510_191413_symlog_phaseC_g1,vc05_200ep@200ep
28298.169921875,-1323938.375,-7889.1875,-1569304.0,112118.96875,-83820.798828125,245365.625,0.0,-21.0,21.0,0.8359375,vc05_long_200ep_seed42,42,200,optimizer.Value_Coef=0.05,14.086506330633346,20260510_191413_symlog_phaseC_g1,vc05_200ep@200ep
