mean_pnl,worst_pnl,median_pnl,no_trade_worst,no_trade_mean,mean_delta_vs_no_trade,worst_delta_vs_no_trade,max_per_inst_pos,min_per_inst_pos,max_total_abs_pos,frac_post_settle,row_tag,seed,epochs,overrides,elapsed_min,source
-162742.75,-2358329.0,-203209.7890625,-1569304.0,112118.96875,-274861.71875,-789025.0,0.0,-50.0,150.0,1.0,default,42,100,,6.6626606771166434,20260510_174555_symlog_phaseA_g0
75375.546875,-1607013.375,18429.7421875,-1569304.0,112118.96875,-36743.421875,-37709.375,0.0,-47.0,47.0,1.0,floor_penalty=5,42,100,objective.Floor_Penalty=5,6.526308380083295,20260510_174555_symlog_phaseA_g0
100798.703125,-1542934.25,43751.798828125,-1569304.0,112118.96875,-11320.265625,26369.75,0.0,-45.0,62.0,1.0,floor_penalty=20,42,100,objective.Floor_Penalty=20,6.600859313283339,20260510_174555_symlog_phaseA_g0
-53901.25390625,-1327104.25,-85500.13671875,-1569304.0,112118.96875,-166020.22265625,242199.75,0.0,-34.0,57.0,1.0,dense_tracking_reward_scale=1,42,100,optimizer.Dense_Tracking_Reward_Scale=1,6.596630253116685,20260510_174555_symlog_phaseA_g0
103113.71875,-1478668.25,85807.26953125,-1569304.0,112118.96875,-9005.25,90635.75,0.0,-50.0,138.0,1.0,dense_tracking_reward_scale=3,42,100,optimizer.Dense_Tracking_Reward_Scale=3,6.557796283533329,20260510_174555_symlog_phaseA_g0
43979.28125,-1519175.0,5551.27734375,-1569304.0,112118.96875,-68139.6875,50129.0,0.0,-15.0,37.0,1.0,entropy_coef=0.0003,42,100,optimizer.Entropy_Coef=0.0003,6.588532045916691,20260510_174555_symlog_phaseA_g0
111376.015625,-1573625.25,52379.3984375,-1569304.0,112118.96875,-742.953125,-4321.25,0.0,-5.0,5.0,0.9990234375,entropy_coef=0.003,42,100,optimizer.Entropy_Coef=0.003,7.107187685150044,20260510_174556_symlog_phaseA_g1
-20816.66015625,-1637144.5,-12344.42578125,-1569304.0,112118.96875,-132935.62890625,-67840.5,0.0,-50.0,141.0,1.0,learning_rate=0.001,42,100,optimizer.Learning_Rate=0.001,7.383271243883367,20260510_174556_symlog_phaseA_g1
112105.78125,-1569304.0,48473.955078125,-1569304.0,112118.96875,-13.1875,0.0,0.0,-6.0,6.0,0.025390625,post_deal_trade_penalty=2,42,100,objective.Post_Deal_Trade_Penalty=2,7.361910506233349,20260510_174556_symlog_phaseA_g1
74553.75,-1377858.25,55297.87890625,-1569304.0,112118.96875,-37565.21875,191445.75,0.0,-50.0,143.0,1.0,post_deal_trade_penalty=5,42,100,objective.Post_Deal_Trade_Penalty=5,7.462964795449989,20260510_174556_symlog_phaseA_g1
126818.1171875,-1362219.125,91961.44921875,-1569304.0,112118.96875,14699.1484375,207084.875,0.0,-29.0,70.0,0.400390625,value_coef=0.05,42,100,optimizer.Value_Coef=0.05,7.396646154100017,20260510_174556_symlog_phaseA_g1
2443.8525390625,-1466482.125,-27686.830078125,-1569304.0,112118.96875,-109675.1162109375,102821.875,0.0,-15.0,41.0,1.0,value_coef=0.2,42,100,optimizer.Value_Coef=0.2,7.123784352833294,20260510_174556_symlog_phaseA_g1
-8044.2900390625,-1532566.875,-65437.8515625,-1551628.875,92839.2734375,-100883.5634765625,19062.0,0.0,-50.0,51.0,1.0,vc05_validate_seed7,7,100,optimizer.Value_Coef=0.05,6.549522330116633,20260510_183147_symlog_phaseB_g0
18366.109375,-1931316.125,-52843.3359375,-1925075.75,106156.734375,-87790.625,-6240.375,0.0,-50.0,56.0,1.0,vc05_validate_seed123,123,100,optimizer.Value_Coef=0.05,6.641061954916707,20260510_183147_symlog_phaseB_g0
110387.125,-2200030.75,54728.232421875,-2206881.25,114617.34375,-4230.21875,6850.5,0.0,-8.0,8.0,1.0,vc05_validate_seed456,456,100,optimizer.Value_Coef=0.05,6.77021455706666,20260510_183147_symlog_phaseB_g0
72078.5859375,-1487240.5,9861.8154296875,-1551628.875,92839.2734375,-20760.6875,64388.375,0.0,-9.0,16.0,1.0,default_validate_seed7,7,100,,6.867914303699945,20260510_183147_symlog_phaseB_g0
105201.2265625,-1925126.75,-3448.49658203125,-1925075.75,106156.734375,-955.5078125,-51.0,0.0,-24.0,24.0,0.3359375,default_validate_seed123,123,100,,6.731047211533284,20260510_183147_symlog_phaseB_g0
113242.78125,-2204766.75,60806.646484375,-2206881.25,114617.34375,-1374.5625,2114.5,0.0,-7.0,7.0,1.0,default_validate_seed456,456,100,,6.783471653250005,20260510_183147_symlog_phaseB_g0
50111.375,-1795404.25,26876.3828125,-1569304.0,112118.96875,-62007.59375,-226100.25,0.0,-50.0,144.0,1.0,vc02_seed42,42,100,optimizer.Value_Coef=0.02,6.853134053783348,20260510_183149_symlog_phaseB_g1
44585.890625,-1264702.125,-3485.71484375,-1569304.0,112118.96875,-67533.078125,304601.875,0.0,-50.0,144.0,1.0,vc03_seed42,42,100,optimizer.Value_Coef=0.03,7.317035885483347,20260510_183149_symlog_phaseB_g1
127288.75,-1529567.5,76185.69140625,-1569304.0,112118.96875,15169.78125,39736.5,0.0,-6.0,18.0,1.0,vc05_x_dense1_seed42,42,100,optimizer.Value_Coef=0.05;optimizer.Dense_Tracking_Reward_Scale=1,7.7344151898333315,20260510_183149_symlog_phaseB_g1
37417.17578125,-1292914.25,9686.74072265625,-1569304.0,112118.96875,-74701.79296875,276389.75,0.0,-15.0,36.0,1.0,vc05_x_postdeal5_seed42,42,100,optimizer.Value_Coef=0.05;objective.Post_Deal_Trade_Penalty=5,7.93041035719998,20260510_183149_symlog_phaseB_g1
56675.85546875,-1622321.5,-9614.21875,-1569304.0,112118.96875,-55443.11328125,-53017.5,0.0,-8.0,21.0,1.0,vc05_x_fp20_seed42,42,100,optimizer.Value_Coef=0.05;objective.Floor_Penalty=20,7.72076219123331,20260510_183149_symlog_phaseB_g1
