position_bounds_penalty,reward_scale,entropy_coef,seed,wallclock_s,final_net_pnl,final_std_net_pnl,final_worst_net_pnl,final_p5_net_pnl,asymmetric_score,final_reward,final_entropy,final_action_abs
1.000000e-01,1.000000e-08,3.000000e-04,123,5.090745e+02,-2.030166e+05,5.266190e+05,-2.768910e+06,-1.096824e+06,-1.117126e+07,-1.582501e+07,7.771207e+00,7.149541e+00
1.000000e-01,1.000000e-08,3.000000e-04,456,5.180852e+02,-1.834222e+05,5.286938e+05,-2.799948e+06,-1.104038e+06,-1.122380e+07,-1.522617e+07,7.643872e+00,6.870626e+00
1.000000e-01,1.000000e-08,1.000000e-03,123,5.136031e+02,-2.144006e+05,5.189339e+05,-2.579484e+06,-1.104262e+06,-1.125702e+07,-1.608873e+07,7.638297e+00,7.008493e+00
1.000000e-01,1.000000e-08,1.000000e-03,456,5.188422e+02,-1.984589e+05,5.333083e+05,-2.647736e+06,-1.128940e+06,-1.148786e+07,-1.572700e+07,7.685396e+00,6.981548e+00
1.000000e-01,1.000000e-08,3.000000e-03,123,5.101471e+02,-1.856410e+05,5.121645e+05,-2.787542e+06,-1.071872e+06,-1.090436e+07,-1.503470e+07,7.838346e+00,6.994673e+00
1.000000e-01,1.000000e-08,3.000000e-03,456,5.217052e+02,-1.957405e+05,5.404459e+05,-2.673208e+06,-1.146820e+06,-1.166394e+07,-1.580777e+07,7.782740e+00,7.006006e+00
1.000000e-01,3.000000e-08,3.000000e-04,123,5.037644e+02,-2.025620e+05,5.130493e+05,-2.425582e+06,-1.080614e+06,-1.100871e+07,-1.561152e+07,7.688358e+00,7.105370e+00
1.000000e-01,3.000000e-08,3.000000e-04,456,5.089910e+02,-1.985756e+05,5.352240e+05,-2.755708e+06,-1.127265e+06,-1.147123e+07,-1.578262e+07,7.671539e+00,6.958424e+00
1.000000e-01,3.000000e-08,1.000000e-03,123,5.418360e+02,-1.837636e+05,5.148125e+05,-3.096723e+06,-1.075085e+06,-1.093461e+07,-1.501874e+07,7.628913e+00,6.847171e+00
1.000000e-01,3.000000e-08,1.000000e-03,456,5.428978e+02,-1.994859e+05,5.244235e+05,-2.933128e+06,-1.096975e+06,-1.116923e+07,-1.571157e+07,7.684704e+00,7.094800e+00
1.000000e-01,3.000000e-08,3.000000e-03,123,5.242343e+02,-2.038530e+05,5.215689e+05,-2.916398e+06,-1.103102e+06,-1.123488e+07,-1.574124e+07,7.749619e+00,6.972225e+00
1.000000e-01,3.000000e-08,3.000000e-03,456,5.127520e+02,-1.987460e+05,5.292592e+05,-3.322008e+06,-1.112852e+06,-1.132726e+07,-1.570627e+07,7.717829e+00,6.938830e+00
1.000000e-01,1.000000e-07,3.000000e-04,123,5.138246e+02,-2.118613e+05,5.248288e+05,-2.928565e+06,-1.121532e+06,-1.142718e+07,-1.606793e+07,7.715538e+00,7.165806e+00
1.000000e-01,1.000000e-07,3.000000e-04,456,5.005212e+02,-1.977642e+05,5.302127e+05,-2.771072e+06,-1.123157e+06,-1.142933e+07,-1.574214e+07,7.682017e+00,6.892458e+00
1.000000e-01,1.000000e-07,1.000000e-03,123,5.051206e+02,-1.889973e+05,5.148469e+05,-2.920977e+06,-1.083095e+06,-1.101995e+07,-1.517507e+07,7.708922e+00,6.809386e+00
1.000000e-01,1.000000e-07,1.000000e-03,456,5.191819e+02,-1.976291e+05,5.365183e+05,-2.596255e+06,-1.143455e+06,-1.163218e+07,-1.573038e+07,7.680287e+00,7.026337e+00
1.000000e-01,1.000000e-07,3.000000e-03,123,5.636632e+02,-1.966508e+05,5.268710e+05,-3.221862e+06,-1.120635e+06,-1.140300e+07,-1.560598e+07,7.692688e+00,6.824213e+00
1.000000e-01,1.000000e-07,3.000000e-03,456,5.421947e+02,-1.928791e+05,5.184135e+05,-3.056557e+06,-1.067616e+06,-1.086904e+07,-1.536231e+07,7.739997e+00,6.886196e+00
1.000000e+00,1.000000e-08,3.000000e-04,123,5.443003e+02,-1.563428e+05,4.764687e+05,-2.547126e+06,-9.732291e+05,-9.888634e+06,-1.352408e+07,7.712431e+00,6.704295e+00
1.000000e+00,1.000000e-08,3.000000e-04,456,4.990454e+02,-1.696191e+05,5.083938e+05,-2.613443e+06,-1.067364e+06,-1.084326e+07,-1.449164e+07,7.621952e+00,6.894836e+00
1.000000e+00,1.000000e-08,1.000000e-03,123,4.977698e+02,-1.634611e+05,4.886613e+05,-2.616355e+06,-1.005997e+06,-1.022343e+07,-1.391871e+07,7.711634e+00,6.873742e+00
1.000000e+00,1.000000e-08,1.000000e-03,456,4.997922e+02,-1.748717e+05,4.944512e+05,-2.351863e+06,-1.021374e+06,-1.038861e+07,-1.440083e+07,7.761376e+00,6.914946e+00
1.000000e+00,1.000000e-08,3.000000e-03,123,4.995087e+02,-1.643418e+05,4.838255e+05,-2.311501e+06,-9.954653e+05,-1.011900e+07,-1.387371e+07,7.756085e+00,6.775798e+00
1.000000e+00,1.000000e-08,3.000000e-03,456,4.998227e+02,-1.704020e+05,5.076504e+05,-2.481126e+06,-1.039629e+06,-1.056669e+07,-1.444634e+07,7.718336e+00,6.796400e+00
1.000000e+00,3.000000e-08,3.000000e-04,123,4.988954e+02,-1.726548e+05,4.874256e+05,-2.545984e+06,-1.022050e+06,-1.039315e+07,-1.418000e+07,7.735487e+00,6.823434e+00
1.000000e+00,3.000000e-08,3.000000e-04,456,5.004064e+02,-1.678497e+05,5.086742e+05,-2.398358e+06,-1.049052e+06,-1.065837e+07,-1.439165e+07,7.600033e+00,6.819427e+00
1.000000e+00,3.000000e-08,1.000000e-03,123,5.010012e+02,-1.620351e+05,4.925270e+05,-2.785310e+06,-1.006010e+06,-1.022214e+07,-1.394407e+07,7.555748e+00,6.580740e+00
1.000000e+00,3.000000e-08,1.000000e-03,456,5.003518e+02,-1.704411e+05,4.988456e+05,-2.895850e+06,-1.022452e+06,-1.039496e+07,-1.434712e+07,7.725060e+00,6.910985e+00
1.000000e+00,3.000000e-08,3.000000e-03,123,5.198400e+02,-1.835406e+05,4.929641e+05,-2.559041e+06,-1.050941e+06,-1.069295e+07,-1.459045e+07,7.710184e+00,6.828442e+00
1.000000e+00,3.000000e-08,3.000000e-03,456,6.096945e+02,-1.756222e+05,5.067004e+05,-2.503062e+06,-1.054459e+06,-1.072021e+07,-1.466454e+07,7.816670e+00,7.203638e+00
1.000000e+00,1.000000e-07,3.000000e-04,123,5.954105e+02,-1.815465e+05,4.886361e+05,-2.410384e+06,-1.024209e+06,-1.042364e+07,-1.447206e+07,7.670162e+00,6.784082e+00
1.000000e+00,1.000000e-07,3.000000e-04,456,5.254063e+02,-1.638418e+05,5.008741e+05,-2.919360e+06,-1.006552e+06,-1.022936e+07,-1.415214e+07,7.618319e+00,6.824148e+00
1.000000e+00,1.000000e-07,1.000000e-03,123,5.192355e+02,-1.605408e+05,4.830928e+05,-2.732979e+06,-9.701214e+05,-9.861755e+06,-1.378069e+07,7.677268e+00,6.831984e+00
1.000000e+00,1.000000e-07,1.000000e-03,456,5.526080e+02,-1.779948e+05,5.072344e+05,-2.436056e+06,-1.058582e+06,-1.076381e+07,-1.471077e+07,7.825344e+00,7.020686e+00
1.000000e+00,1.000000e-07,3.000000e-03,123,5.772378e+02,-1.671680e+05,4.874389e+05,-2.615242e+06,-1.001030e+06,-1.017747e+07,-1.392639e+07,7.705254e+00,6.773347e+00
1.000000e+00,1.000000e-07,3.000000e-03,456,5.551811e+02,-1.736655e+05,5.106842e+05,-2.759322e+06,-1.057270e+06,-1.074637e+07,-1.460622e+07,7.829532e+00,6.933504e+00
1.000000e+01,1.000000e-08,3.000000e-04,123,5.604933e+02,-1.146806e+05,4.698308e+05,-2.081400e+06,-8.752201e+05,-8.866881e+06,-1.224427e+07,7.647962e+00,6.208274e+00
1.000000e+01,1.000000e-08,3.000000e-04,456,5.534291e+02,-1.196648e+05,4.785316e+05,-2.279123e+06,-8.980825e+05,-9.100490e+06,-1.255063e+07,7.428533e+00,6.074652e+00
1.000000e+01,1.000000e-08,1.000000e-03,123,5.695889e+02,-1.118938e+05,4.658490e+05,-1.980730e+06,-8.655011e+05,-8.766904e+06,-1.205659e+07,7.597795e+00,6.082791e+00
1.000000e+01,1.000000e-08,1.000000e-03,456,5.418280e+02,-1.281726e+05,4.797209e+05,-2.473151e+06,-9.033754e+05,-9.161926e+06,-1.279656e+07,7.600927e+00,6.307834e+00
1.000000e+01,1.000000e-08,3.000000e-03,123,5.647833e+02,-1.165120e+05,4.700972e+05,-1.999858e+06,-8.686435e+05,-8.802947e+06,-1.227594e+07,7.708364e+00,6.243321e+00
1.000000e+01,1.000000e-08,3.000000e-03,456,5.693642e+02,-1.314319e+05,4.748923e+05,-2.423321e+06,-9.135430e+05,-9.266862e+06,-1.286798e+07,7.630621e+00,6.240159e+00
1.000000e+01,3.000000e-08,3.000000e-04,123,5.468673e+02,-1.177057e+05,4.748397e+05,-2.126723e+06,-8.817330e+05,-8.935035e+06,-1.244993e+07,7.665708e+00,6.353780e+00
1.000000e+01,3.000000e-08,3.000000e-04,456,5.548143e+02,-1.253087e+05,4.764415e+05,-2.305596e+06,-8.916384e+05,-9.041692e+06,-1.267912e+07,7.512956e+00,6.170505e+00
1.000000e+01,3.000000e-08,1.000000e-03,123,5.209431e+02,-1.114472e+05,4.699446e+05,-2.194242e+06,-8.674044e+05,-8.785491e+06,-1.212828e+07,7.644381e+00,6.226773e+00
1.000000e+01,3.000000e-08,1.000000e-03,456,5.036071e+02,-1.224981e+05,4.740343e+05,-2.366380e+06,-8.999115e+05,-9.121613e+06,-1.254263e+07,7.675731e+00,6.279517e+00
1.000000e+01,3.000000e-08,3.000000e-03,123,5.018933e+02,-1.077925e+05,4.686699e+05,-1.958237e+06,-8.657033e+05,-8.764825e+06,-1.196146e+07,7.653296e+00,6.133514e+00
1.000000e+01,3.000000e-08,3.000000e-03,456,5.168654e+02,-1.248371e+05,4.721488e+05,-2.151166e+06,-9.113001e+05,-9.237839e+06,-1.254707e+07,7.603101e+00,6.187023e+00
1.000000e+01,1.000000e-07,3.000000e-04,123,5.352421e+02,-1.116038e+05,4.706838e+05,-2.143316e+06,-8.683438e+05,-8.795041e+06,-1.211814e+07,7.627846e+00,6.187881e+00
1.000000e+01,1.000000e-07,3.000000e-04,456,5.399465e+02,-1.283096e+05,4.725038e+05,-2.299350e+06,-9.244860e+05,-9.373169e+06,-1.263990e+07,7.618936e+00,6.282911e+00
1.000000e+01,1.000000e-07,1.000000e-03,123,5.349347e+02,-1.151526e+05,4.670009e+05,-1.966865e+06,-8.688282e+05,-8.803435e+06,-1.223374e+07,7.671186e+00,6.247101e+00
1.000000e+01,1.000000e-07,1.000000e-03,456,5.421408e+02,-1.219671e+05,4.751228e+05,-2.154704e+06,-8.930371e+05,-9.052338e+06,-1.253675e+07,7.571221e+00,6.130044e+00
1.000000e+01,1.000000e-07,3.000000e-03,123,5.482176e+02,-1.210927e+05,4.712675e+05,-2.289843e+06,-8.766314e+05,-8.887407e+06,-1.244584e+07,7.683960e+00,6.303960e+00
1.000000e+01,1.000000e-07,3.000000e-03,456,5.441179e+02,-1.297460e+05,4.655686e+05,-2.353265e+06,-8.744818e+05,-8.874564e+06,-1.263887e+07,7.717080e+00,6.275167e+00
